{"cameraMode":{"drawMode":0,"name":"Shaded","section":"Shading Mode"},"sceneLighting":true,"audioPlay":false,"sceneViewState":{"showFog":false,"showMaterialUpdate":false,"showSkybox":false,"showFlares":false,"showImageEffects":false,"showParticleSystems":false},"in2DMode":false,"pivot":{"x":-0.43533921241760256,"y":7.311556816101074,"z":-2.47506046295166},"rotation":{"x":0.1165856346487999,"y":0.3702832758426666,"z":-0.046903952956199649,"w":0.9203823804855347},"size":18.978073120117189,"orthographic":true}